LINK_ID,ROAD_NAME,ROAD_RANK,LENGTH,accident_count
1200010606,봉천로,104,264.153344891404,2
1200008002,남부순환로,104,327.424652907661,2
1200049600,강남순환도시고속도로,102,338.421876435033,2
1200029800,문성로16길,104,194.762373281156,1
1200022204,호암로,104,117.334439471979,1
1200022907,난곡로26길,104,204.169840622578,1
1200001027,난곡로,104,55.769012694794,1
1200006701,관악로,104,165.991739233325,1
1200019600,서울대학교.내부도로,104,408.020720403087,1
1200000702,관악로,104,103.886620992985,1
1200007413,조원로,104,55.850778165306,1
1200009503,은천로,104,115.603841144326,1
1200009509,은천로,104,333.298396952639,1
1200019900,서울대학교.내부도로,104,158.326881567177,1
1200038100,관천로,104,229.404653326684,1
1200025100,남현길,104,304.567131444126,1
1200002101,문성로,104,94.325770862972,1
1200041608,관천로,104,52.061299783906,1
1200011802,보라매로,104,84.793471709694,1
1200000704,관악로,104,45.252126715058,1
1200007411,조원로,104,25.457317954082,1
1200007311,조원로,104,80.28324426542,1
1200040902,청림5길,104,159.955078909719,1
1200041905,국회단지길,104,129.540388657656,1
1200025702,미성3길,104,60.50101088111,1
1200028100,인헌길,104,63.742767360869,1
1200050500,강남순환도시고속도로,102,370.289659976513,1
1200004011,남부순환로,104,86.234582368306,1
1200041500,관천로,104,266.28994581164,1
1200009913,신림로,104,112.40445854937,1
1200051203,쑥고개로16길,104,102.993980387118,1
1200052601,봉천로,107,47.797271389354,1
1200024200,신림로7길,104,27.925797842106,1
1200011301,봉천로,104,140.837051210083,1
1200002207,문성로,104,11.273688821716,1
1200007203,남부순환로,104,65.2006123165,1
1200004006,남부순환로,104,180.461239300021,1
1200003305,관악로,104,54.219302619737,1
1200005810,남부순환로,104,42.145071514486,1
1200002105,문성로,104,86.909919226632,1
1200023701,대학길,104,14.673185079086,1
1200005900,남부순환로,104,368.196937745647,1
1200017204,난곡로9길,104,12.000759997337,1
1200040302,은천로39길,104,199.190885511855,1
1200030205,관악로5길,104,175.775607397303,1
1200022903,난곡로26길,104,19.696447520329,1
1200034600,관천로,104,129.587558603816,1
1200043200,은천로33길,104,123.605268035954,1
1200017203,난곡로.인접길,104,12.000055108037,1
1200007201,남부순환로,104,54.778914932474,1
1200001205,낙성대로,104,76.92330192095,1
1200003200,난곡로,104,53.061053083751,1
1200001404,신림로,104,152.200769392611,1
1200038903,관악로30길,104,36.028789213019,1
1200026500,낙성대로3길,104,55.71595643241,1
1200009701,은천로,104,45.230786640885,1
1200003100,난곡로,104,70.480403592376,1
1200006807,관악로,104,215.901846306582,1
1200025209,남현길,104,64.221337591966,1
1200009402,난곡로,104,90.178163521703,1
1200000503,신림로,104,145.337373812344,1
1200004400,봉천로,104,52.033443845396,1
1200030402,봉천로,104,109.407981732252,1
1200041804,국회단지길,104,53.311403899108,0
1200042102,관악로37길,104,15.921427992288,0
1210008135,과천대로,104,387.649737920865,0
1200051501,참숯길,104,11.999928409454,0
1200038301,관천로,104,12.267296133243,0
1200003026,쑥고개로,104,209.686045539766,0
1200002304,문성로,104,12.734571149746,0
1200001007,난곡로,104,12.021871441694,0
1200015806,광신길,104,179.926226875279,0
1200032202,문성로38길,104,12.000004561525,0
1200045001,성현로,104,196.175332880713,0
1200002001,남부순환로,104,12.046835199561,0
1200032206,문성로38길,104,31.614037254266,0
1200003012,쑥고개로,104,53.461536254471,0
1200022501,대학5길,104,12.000965582979,0
1200040200,은천로35길,104,100.20561183973,0
1210008011,과천대로,104,275.338979473701,0
1200000906,난곡로,104,15.488476189816,0
1200028710,법원단지길,104,53.718280101915,0
1200005002,관악로,104,86.253313460046,0
1200009816,은천로,104,70.97249130309,0
1200037501,관악로24길,104,12.000030267806,0
1200013500,호암로,104,93.414441406291,0
1200007106,남부순환로,104,29.266847867394,0
1200043802,성현로,104,123.58502952544,0
1200031903,봉천로,104,34.727600436842,0
1200001402,신림로,104,172.23584688334,0
1200006901,봉천로,104,32.181938598465,0
1200017400,난곡로,104,31.941809476807,0
1200035300,조원로18길,104,69.940104414936,0
1200040500,은천로25가길,104,49.475843866449,0
1200003202,난곡로,104,157.970079350834,0
1200008508,조원로,104,90.738541031096,0
1200026900,미성길,104,128.243093062844,0
1200016306,원신길,104,304.741600988263,0
1200008122,양녕로,104,12.000185771211,0
1200011608,관악로,104,12.065257010188,0
1200007301,조원로,104,75.800871533011,0
1200030503,봉천로,104,114.141323286108,0
1200041909,국회단지길,104,57.004213497982,0
1200017600,낙성대로,104,421.548271058894,0
1200040702,은천로23길,104,11.999972585674,0
1200003910,남부순환로,104,113.541823873194,0
1200036601,중앙2길,104,12.000039553297,0
1200014101,호암로,104,261.010662041648,0
1170008405,문성로,104,124.060414039468,0
1200015900,광신길,104,159.05044841058,0
1200003023,쑥고개로,104,60.153822795332,0
1200022600,인헌16길,104,85.379855754422,0
1200020900,관악로,104,155.934367736937,0
1200012309,양녕로,104,11.714737988604,0
1200007405,조원로,104,63.643134495411,0
1200022000,낙성대로15길,104,135.658712567394,0
1200032205,문성로38길,104,64.791207349605,0
1200029613,복은길,104,52.160005500741,0
1200042701,은천로25길,104,11.999952691268,0
1200014405,난곡로,104,35.586797614281,0
1200030305,관악로5길,104,65.04722247318,0
1200033101,봉천로,104,17.078716583747,0
1200052701,남부순환로,107,67.580498077818,0
1200000907,난곡로,104,12.320718416061,0
1200010200,난곡로,104,66.606008205707,0
1200036402,관천로,104,138.825670937928,0
1200041607,관천로,104,54.903617057717,0
1200000801,관악로,104,409.45472881062,0
1200002916,쑥고개로,104,49.633379346929,0
1200038300,관천로,104,144.698802083497,0
1200016500,난곡로,104,60.145821403884,0
1200039702,신림동길,104,254.174085254662,0
1200000921,난곡로,104,75.781610034752,0
1200039201,관악로30길,104,265.070600096436,0
1200007802,신사로,104,12.000043901934,0
1200019501,대학길,104,8.551425456186,0
1200039706,신림동길,104,30.634850943582,0
1200007408,조원로,104,47.408259539504,0
1200002911,쑥고개로,104,11.96976572716,0
1200018001,난곡로,104,29.178814997934,0
1200033900,신림로,104,298.07496251074,0
1200034300,신림로,104,46.238112929946,0
1200009707,은천로,104,12.020031734032,0
1200002205,문성로,104,114.592858142221,0
1200014900,서울대학교.내부도로,104,115.250404926881,0
1200039302,은천로33길,104,6.454685826857,0
1200000710,관악로,104,133.896505823103,0
1200018401,신림로11길,104,10.799394562871,0
1200002203,문성로,104,150.849880130918,0
1200046300,남부순환로248길,104,59.74041981673,0
1200020102,광신길,104,12.613206706517,0
1200003304,관악로,104,104.56484892297,0
1210008031,과천대로,104,380.300695201702,0
1200049500,강남순환도시고속도로,102,513.967368681818,0
1200029100,남부순환로248길,104,62.110724165093,0
1200009614,은천로,104,38.932206101671,0
1200002102,문성로,104,125.260114418531,0
1200026503,낙성대로3길,104,224.118304131084,0
1200022908,난곡로26길,104,23.968759706242,0
1200008200,양녕로,104,63.197741263469,0
1200012901,서울대학교.내부도로,104,12.000009569265,0
1200016006,호암로,104,116.229149181022,0
1200004207,신원로,104,137.845302749161,0
1200008600,조원로,104,127.216251534598,0
1200001901,남부순환로,104,12.008290321919,0
1200007014,봉천로,104,114.850418061519,0
1200027900,신림로31길,104,43.542179585532,0
1200006920,봉천로,104,143.772245792163,0
1200002201,문성로,104,93.600976626074,0
1200012503,보라매로,104,12.061248593265,0
1200006500,조원로,104,70.463888114071,0
1200002503,남부순환로,104,12.000485411637,0
1200012404,양녕로,104,127.113487794405,0
1200042502,은천로39길,104,23.305750205121,0
1200010602,봉천로,104,58.45028527516,0
1200008504,조원로,104,36.337732409455,0
1190049503,상도로50길,104,250.948961100238,0
1200013800,호암로,104,331.45530017764,0
1200025400,인헌길,104,209.504613727691,0
1200007407,조원로,104,20.863509359935,0
1200022301,호암로,104,12.431311645002,0
1200001010,난곡로,104,88.929022425248,0
1200002407,문성로,104,70.784254272895,0
1200015701,난향길,104,12.000026912499,0
1200016108,호암로,104,61.33191494953,0
1200001202,낙성대로,104,387.971048832469,0
1200004703,남부순환로,104,280.704729426314,0
1200029612,복은길,104,104.41194249937,0
1200046400,봉천로62길,104,115.133693664974,0
1200030900,남현길,104,71.267318150628,0
1200008121,관악로,104,265.830537700645,0
1200019500,대학길,104,22.219204072604,0
1200030001,난우길,104,10.994063614436,0
1200007011,봉천로,104,66.788290069274,0
1200043601,구암5길,104,12.0000253714,0
1200009504,은천로,104,11.999959953293,0
1200033603,봉천로,104,20.702084943395,0
1200010003,신림로,104,31.834278237307,0
1200037002,남부순환로187길,104,40.466045080768,0
1200041601,관천로,104,12.255310203828,0
1200000622,신림로,104,12.11050138027,0
1200021101,낙성대로15길,104,11.999992476739,0
1200044904,관악로40길,104,221.917367860838,0
1200014800,서울대학교.내부도로,104,262.504668884249,0
1200042603,은천로25길,104,64.085951278776,0
1200001308,신림로,104,12.00357446862,0
1200032604,봉천로62길,104,35.236904132537,0
1190016607,보라매로,104,26.098608848579,0
1200006506,조원로,104,28.789061161031,0
1200010100,난곡로,104,65.652578029488,0
1200044203,구암길,104,41.364626082258,0
1200025202,남현길,104,41.528071135704,0
1200004502,솔밭로,104,59.842854562462,0
1200003003,쑥고개로,104,122.205000255208,0
1200033602,봉천로,104,140.105670100017,0
1200005401,양녕로,104,11.999974237832,0
1200005104,조원중앙로,104,80.906642813525,0
1200021700,신림로11길,104,80.647541627823,0
1200040901,청림5길,104,12.320917312639,0
1200044902,관악로40길,104,100.072259821469,0
1200009302,난곡로,104,37.559268238984,0
1200003018,쑥고개로,104,76.238495483429,0
1200009616,은천로,104,63.408300730088,0
1200018411,신림로11길,104,34.676864631377,0
1200008610,조원로,104,90.738541005331,0
1200021203,대학7길,104,44.466620557364,0
1200022901,난곡로26길,104,11.99998530091,0
1200040603,은천로25가길,104,128.60147851779,0
1200008125,양녕로,104,12.990587755748,0
1200009202,신사로,104,53.199161947237,0
1200025103,남현길,104,221.734389528085,0
1200007303,조원로,104,16.067998020673,0
1200042100,관악로37길,104,42.445405513928,0
1200005701,남부순환로,104,12.194396984293,0
1200010014,신림로,104,22.27426956496,0
1200014300,난곡로,104,183.706390692213,0
1200022910,난곡로26길,104,55.345958985227,0
1200003013,쑥고개로,104,52.956449506561,0
1200044804,관악로40길,104,29.682372354371,0
1200021501,인헌길,104,12.001043539177,0
1200007010,봉천로,104,40.323473476128,0
1200021004,낙성대로15길,104,136.605520480424,0
1200006505,조원로,104,55.228206765678,0
1200039801,신림동길,104,11.999951710718,0
1200012803,서울대학교.내부도로,104,400.132600103842,0
1200006704,관악로,104,12.33726839525,0
1200011506,관악로,104,13.03111611923,0
1200012401,양녕로,104,109.036301074389,0
1200022814,난곡로26길,104,84.656195199953,0
1200004109,신원로,104,85.87570733174,0
1200009813,은천로,104,188.908289636193,0
1200011501,관악로,104,92.048243380451,0
1200043400,구암길,104,24.078592084177,0
1200009809,은천로,104,12.000045458052,0
1200032104,문성로38길,104,31.125205698858,0
1200007502,조원중앙로,104,13.238084146142,0
1200026100,문성로16다길,104,386.105424970478,0
1200008128,관악로,104,478.449490239959,0
1200000918,난곡로,104,27.881444237143,0
1200029200,문성로38길,104,244.202419718115,0
1200031500,낙성대역길,104,61.098858492523,0
1200051900,동마길,104,126.168850214062,0
1200039602,관악로,104,12.000027754757,0
1200001401,신림로,104,64.543119102537,0
1200004205,신원로,104,11.999946149482,0
1200003301,관악로,104,115.629823422883,0
1200028802,법원단지길,104,12.000030560696,0
1200043700,구암5길,104,248.624592803339,0
1200013300,서울대학교.내부도로,104,383.440523180883,0
1200007103,남부순환로,104,135.66142073938,0
1200035802,관천로,104,12.000040274774,0
1190016507,보라매로,104,132.318504730873,0
1200044700,양녕로,104,291.462724344129,0
1200001204,낙성대로,104,58.355529301804,0
1200013804,호암로,104,331.455300177526,0
1200009204,신사로,104,12.003731964855,0
1200040501,은천로25가길,104,12.378023495043,0
1200050103,강남순환도시고속도로,102,787.73288914348,0
1200018513,신림로11길,104,59.227108860263,0
1200009513,은천로,104,11.083085906507,0
1200044201,구암길,104,12.068257372597,0
1200001501,남부순환로,104,346.001955350659,0
1200000808,관악로,104,48.327598329592,0
1200039403,은천로33길,104,40.056278175662,0
1200031301,문성로16길,104,12.740429102527,0
1200029406,남현1길,104,130.411786984436,0
1200029401,남현1길,104,12.000002932683,0
1200022203,호암로,104,64.460248232825,0
1200031302,문성로16길,104,22.93047750205,0
1200012902,서울대학교.내부도로,104,11.999992163732,0
1200036605,중앙2길,104,118.2943107702,0
1200022810,난곡로26길,104,12.103725147771,0
1200012411,양녕로,104,77.305362824438,0
1200008702,남부순환로191길,104,123.951788161023,0
1200008127,양녕로,104,109.009276612104,0
1200011801,보라매로,104,88.563651206835,0
1200003029,쑥고개로,104,45.789814261561,0
1200009802,은천로,104,47.429505130768,0
1200018300,대학길,104,16.337641523997,0
2080162000,강남순환도시고속도로,102,749.372087249588,0
1200040503,은천로25가길,104,204.772230212389,0
1200007017,봉천로,104,143.772245718496,0
1200041803,국회단지길,104,32.662507457469,0
1200035900,관천로,104,191.236223394837,0
1200041813,국회단지길,104,28.795892681024,0
1200005203,조원중앙로,104,15.594579649964,0
1200018102,난곡로,104,71.987785737807,0
1200016301,원신길,104,285.047422315277,0
1200018800,대학18길,104,51.97395970165,0
1200028702,법원단지길,104,11.999989478718,0
1200023001,원신길,104,284.729109682285,0
1200008005,남부순환로,104,11.318642340009,0
1200040400,은천로39길,104,250.600993888776,0
1200004405,봉천로,104,96.404686371799,0
1200038700,관악로30길,104,54.711940763044,0
1200010713,신사로,104,260.257171273437,0
1200001403,신림로,104,135.184563647673,0
1200000623,신림로,104,15.342594751039,0
1200005805,남부순환로,104,127.75799367526,0
1200028901,문성로38길,104,12.003724548061,0
1200029802,문성로16길,104,14.147130423759,0
1200006003,남부순환로,104,375.518467618832,0
1200028704,법원단지길,104,224.96951770392,0
1200002909,쑥고개로,104,12.001637067707,0
1200023902,인헌17길,104,26.150183911992,0
1200039204,관악로30길,104,323.583296133599,0
1200001301,신림로,104,81.428752724603,0
1200010701,신사로,104,12.005322871788,0
1200001023,난곡로,104,58.453798314583,0
1200009610,은천로,104,114.280662063881,0
1200037603,관악로24길,104,121.395029992213,0
1200038902,관악로30길,104,11.999994449063,0
1200018600,대학20길,104,37.779455444713,0
1200022817,난곡로26길,104,42.451484564306,0
1200025501,미성10길,104,25.575435057181,0
1200012310,양녕로,104,55.643919598792,0
1200016005,호암로,104,150.499744557836,0
1200021202,대학7길,104,11.999992102175,0
1200021000,낙성대로15길,104,65.810699724971,0
1200026502,낙성대로3길,104,12.142880178991,0
1200011507,관악로,104,13.84515533076,0
1200044400,보라매로3길,104,117.355628916725,0
1200010506,봉천로,104,251.262862204182,0
1200009404,난곡로,104,53.306797281506,0
1200033501,남부순환로234길,104,11.999933797055,0
1200052501,봉천로,107,27.659301175165,0
1200012802,서울대학교.내부도로,104,418.037026049157,0
1200038501,남부순환로187길,104,12.000072579229,0
1200002305,문성로,104,73.797916144827,0
1200013702,호암로,104,170.975398784414,0
1200040600,은천로25가길,104,118.653192940667,0
1200027503,미성길,104,47.615006547404,0
1200006201,난곡로,104,69.005202268982,0
1200011705,보라매로,104,168.054037331272,0
1200017800,대학20길,104,79.202090744044,0
1200003907,남부순환로,104,38.492458979964,0
1200022201,호암로,104,97.697356187115,0
1200001032,난곡로,104,41.113897399449,0
1200006001,남부순환로,104,12.04321876576,0
1200033100,봉천로,104,101.291115605737,0
1200042005,관악로37길,104,33.499838746766,0
1200007308,조원로,104,65.807320163125,0
1200006801,관악로,104,163.459827015321,0
1200003105,난곡로,104,52.945649752567,0
1200018410,신림로11길,104,45.38854890172,0
1200015600,난향길,104,65.412645536936,0
1200018511,신림로11길,104,38.855059756238,0
1200014401,난곡로,104,12.000010523115,0
1200014700,서울대학교.내부도로,104,307.035215578648,0
1200039500,관악로,104,40.74773664853,0
1200028605,문성로16가길,104,67.760890890384,0
1200001801,신림로,104,107.464295582298,0
1200021901,대학길,104,12.010168402623,0
1200029000,문성로38길,104,52.657223689487,0
1200013600,호암로,104,98.038617766283,0
1200029502,남현1길,104,11.999954086662,0
1200046301,남부순환로248길,104,11.999991090372,0
1200011204,신사로,104,13.700795246437,0
1200020401,대학길,104,12.223349781931,0
1200023100,원신길,104,367.98963177481,0
1200020000,광신길,104,101.515315339135,0
1200034000,남부순환로,104,220.217476639718,0
1200041003,청림5길,104,87.884875786805,0
1190013301,보라매로5길,104,12.437130797612,0
1200000903,난곡로,104,150.687295904228,0
1200030601,문성로38길,104,12.115982803574,0
1200028800,법원단지길,104,269.406732481304,0
1200036900,조원로17길,104,38.737537096191,0
1200028606,문성로16가길,104,137.235624227086,0
1200037500,관악로24길,104,259.622264124538,0
1200007304,조원로,104,12.188769311789,0
1200014901,서울대학교.내부도로,104,12.003201586013,0
1200014201,호암로,104,12.595300033238,0
1200040906,청림5길,104,62.70116745317,0
1200000709,관악로,104,63.494700580467,0
1200021102,낙성대로15길,104,114.410964786565,0
1200043101,은천로33길,104,13.059609458321,0
1210178300,남부순환로,104,323.498020706287,0
1200032200,문성로38길,104,98.364553782495,0
1200003402,관악로,104,12.074002785356,0
1200010405,봉천로,104,430.04551529444,0
1200045105,성현로,104,187.629157909694,0
1200009517,은천로,104,70.97491887479,0
1200038001,신림로64길,104,12.000001841919,0
1200009703,은천로,104,71.045967397939,0
1200044800,관악로40길,104,60.374006155072,0
1200041815,국회단지길,104,52.366162979503,0
1200036600,중앙2길,104,44.190124695907,0
1200004004,남부순환로,104,12.130589112708,0
1200045104,성현로,104,12.399519596413,0
1200009902,신림로,104,61.934002031516,0
1200024300,대학길,104,30.152747212827,0
1200021200,대학7길,104,41.212533264131,0
1200009711,은천로,104,38.209416162357,0
1200041400,은천로33길,104,100.652422544111,0
1200037102,남부순환로187길,104,12.116992586169,0
1200046202,인헌2길,104,27.122880605128,0
1200033000,문성로,104,446.972690365633,0
1200028803,법원단지길,104,38.087697224362,0
1200017202,난곡로9길,104,76.595889015184,0
1200052002,강남순환도시고속도로,102,836.360370318837,0
1200027101,미성길,104,10.262878578618,0
1200002920,쑥고개로,104,51.703364884018,0
1200039105,관악로30길,104,295.095039390571,0
1200028700,법원단지길,104,22.701401955193,0
1200025304,인헌길,104,207.499822457095,0
1200009710,은천로,104,12.29641919611,0
1200002209,문성로,104,51.107621419511,0
1200006206,난곡로,104,62.935594175519,0
1200002918,쑥고개로,104,53.461536282568,0
1210008121,과천대로,104,441.032409956736,0
1200025201,남현길,104,12.121212174846,0
1200005707,남부순환로,104,27.305529763476,0
1200033500,남부순환로234길,104,60.281509822622,0
1200022803,난곡로26길,104,48.273352604969,0
1200008704,남부순환로191길,104,12.000041017494,0
1200014303,난곡로,104,271.497192714507,0
1200004300,봉천로,104,70.982019248211,0
1200022906,난곡로26길,104,12.10372501933,0
1200010401,봉천로,104,430.045515294431,0
1200032801,봉천로,104,12.002114283968,0
1200003022,쑥고개로,104,56.32520592877,0
1200032100,문성로38길,104,57.471254681532,0
1200049800,강남순환도시고속도로,102,388.778009992172,0
1200001505,남부순환로,104,59.801068353865,0
1200000506,신림로,104,74.194224903821,0
1200012800,서울대학교.내부도로,104,420.738737977574,0
1200027200,미성길,104,91.227791751335,0
1200011609,관악로,104,13.154135959831,0
1200007009,봉천로,104,46.243416346519,0
1200041801,국회단지길,104,11.999976784622,0
1200000930,난곡로,104,48.166450292228,0
1200009515,은천로,104,52.641699161812,0
1200052610,봉천로,107,41.124351983971,0
1200031700,문성로,104,151.750923817278,0
1200018510,신림로11길,104,47.541996644826,0
1200005716,남부순환로,104,77.199079480296,0
1200010002,신림로,104,61.376647436274,0
1210008033,과천대로,104,397.318612519879,0
1200017603,낙성대로,104,431.945408273637,0
1200003004,쑥고개로,104,64.745426286892,0
1200029300,문성로38길,104,117.453458970148,0
1200029302,문성로38길,104,11.999916510388,0
1200033502,남부순환로234길,104,11.999978413829,0
1200014406,난곡로,104,148.203833874522,0
1200010007,신림로,104,17.16189351367,0
1200035201,조원로18길,104,11.999972324059,0
1200035302,조원로18길,104,13.895405685792,0
1200013301,서울대학교.내부도로,104,11.553630402087,0
1200006707,관악로,104,157.054044501817,0
1200033201,봉천로,104,12.016967564957,0
1200040305,은천로39길,104,64.672054341381,0
1200021100,낙성대로15길,104,318.056831622765,0
1200019701,서울대학교.내부도로,104,12.000018646607,0
1200012304,양녕로,104,210.802183774078,0
1200006910,봉천로,104,65.255813789756,0
1200002601,남부순환로,104,160.963608853108,0
1200027601,미성길,104,12.000005154481,0
1200024600,신림로,104,34.621753793883,0
1200037001,남부순환로187길,104,11.999924434336,0
1200001609,남부순환로,104,12.001015951105,0
1200041004,청림5길,104,139.39718721509,0
1200006101,난곡로,104,69.762142675944,0
1200003008,쑥고개로,104,12.001632099897,0
1200029405,남현1길,104,22.172310590015,0
1200009605,은천로,104,12.119106450189,0
1200001106,낙성대로,104,12.364371831621,0
1200030010,난우길,104,48.981526214555,0
1200029704,복은길,104,12.00012897919,0
1200009603,은천로,104,63.893058040726,0
1200052001,강남순환도시고속도로,102,835.877436231032,0
1200007410,조원로,104,65.807320163097,0
1200015001,서울대학교.내부도로,104,11.839881825445,0
1200012504,보라매로,104,21.12510657901,0
1200010502,봉천로,104,58.450285275191,0
1200028712,법원단지길,104,38.087697290724,0
1200001003,난곡로,104,134.057161277776,0
1200030103,난우길,104,40.045346317064,0
1200030204,관악로5길,104,32.666685361886,0
1200008601,조원로,104,12.291248809281,0
1200017201,난곡로.인접길,104,28.087611763159,0
1190007801,사당로16길,104,12.089616117221,0
1200008129,양녕로,104,51.617116532165,0
1200006803,관악로,104,23.04421069347,0
1200023903,인헌17길,104,54.888804483646,0
1200011505,상도로,104,166.719341819713,0
1200003006,쑥고개로,104,56.44039409631,0
1200042600,은천로25길,104,67.336991299991,0
1200001111,낙성대로,104,18.0136263703,0
1200004500,솔밭로,104,208.579011708682,0
1200009810,은천로,104,13.373926751896,0
1160004405,시흥대로,104,31.506500092782,0
1200050400,강남순환도시고속도로,102,163.534908863443,0
1200026000,난우길,104,118.892565342588,0
1200012102,보라매로5길,104,12.0,0
1200023401,문성로16다길,104,26.439008277123,0
1200003104,난곡로,104,61.655887608549,0
1200042602,은천로25길,104,11.999950350904,0
1200018505,신림로11길,104,34.917537989801,0
1200003206,난곡로,104,71.22449247678,0
1200003001,쑥고개로,104,72.843802951035,0
1200000705,관악로,104,120.76907774942,0
1200007105,남부순환로,104,23.523887312736,0
1200021502,인헌길,104,157.068261349476,0
1200006204,난곡로,104,12.0315639976,0
1200019801,서울대학교.내부도로,104,11.883202888768,0
1200005101,조원중앙로,104,13.751901481658,0
1200008502,조원로,104,12.039036108277,0
1200040100,은천로35길,104,79.938145236638,0
1200041802,국회단지길,104,39.235098025449,0
1200012407,양녕로,104,12.368346028128,0
1200009606,은천로,104,11.999997659461,0
1200051304,쑥고개로16길,104,76.427134516879,0
1200011511,관악로,104,174.616082731097,0
1200013901,서울대학교.내부도로,104,11.999981981787,0
1200050300,강남순환도시고속도로,102,164.701676668623,0
1200001018,난곡로,104,77.81560168,0
1200005806,남부순환로,104,69.449167861859,0
1200003009,쑥고개로,104,12.000061444306,0
1200000915,난곡로,104,109.230652585703,0
1160005806,시흥대로,104,39.964501943308,0
1200000925,난곡로,104,54.004883018172,0
1200006205,난곡로,104,58.664610946089,0
1200003902,남부순환로,104,167.355554870796,0
1200003909,남부순환로,104,222.705603104701,0
1200006203,난곡로,104,14.778700589809,0
1200040700,은천로23길,104,42.609593771149,0
1200001703,신림로,104,164.552428865924,0
1200004206,신원로,104,50.549725760506,0
1200041202,은천로25길,104,203.651728214498,0
1200039800,신림동길,104,371.935828338134,0
1200052602,봉천로,107,12.000189617898,0
1200000611,신림로,104,164.882170101628,0
1200018101,난곡로,104,12.153815002297,0
1200012701,서울대학교.내부도로,104,16.480081314491,0
1200027401,문성로16길,104,4.35138183407,0
1200010806,신사로,104,49.848853500967,0
1200041501,관천로,104,12.000043292506,0
1200004007,남부순환로,104,125.598677375716,0
1200004001,남부순환로,104,119.911546310298,0
1200001101,낙성대로,104,445.734038629095,0
1200029403,남현1길,104,103.852955043034,0
1200027700,신림로29길,104,494.987055717073,0
1200025401,인헌길,104,12.217951400866,0
1200004600,솔밭로,104,74.693770034543,0
1200023400,문성로16다길,104,157.943829952078,0
1200031501,낙성대역길,104,11.999990456672,0
1200029713,복은길,104,42.443169167215,0
1200000806,관악로,104,108.419885411174,0
1200052101,강남순환도시고속도로,102,835.877580238211,0
1200019401,대학길,104,13.561935929453,0
1200019200,광신길,104,105.328023695697,0
1200041900,국회단지길,104,53.311420500095,0
1200007902,남부순환로,104,326.72174735999,0
1200013100,서울대학교.내부도로,104,413.260430156859,0
1200002208,문성로,104,85.004754999558,0
1200032002,봉천로,104,114.716817599911,0
1200018901,대학18길,104,11.999988753834,0
1200000812,관악로,104,120.769077792396,0
1200051303,쑥고개로16길,104,38.226319218885,0
1200008507,조원로,104,156.737822668099,0
1200005300,양녕로,104,86.107520409022,0
1200051802,동마길,104,11.999945898486,0
1200051000,쑥고개로16길,104,45.513022007015,0
1200009702,은천로,104,95.861951428699,0
1200031800,문성로,104,156.016687710334,0
1200039901,은천로25길,104,12.004234145443,0
1200023700,대학길,104,67.409312379451,0
1200009716,은천로,104,103.603436927507,0
1200018301,대학길,104,12.000020347677,0
1200023601,대학길,104,60.042565016601,0
1200012703,서울대학교.내부도로,104,416.440404133299,0
1200009400,난곡로,104,46.15355921224,0
1200030303,관악로5길,104,32.666685402504,0
1200037701,관천로,104,7.725311056071,0
1200036802,조원로17길,104,12.000045852258,0
1200033701,봉천로,104,14.355689330467,0
1200029400,남현1길,104,83.340530339367,0
1200032000,봉천로,104,113.945134630362,0
1200040805,은천로23길,104,50.323397079697,0
1200010700,신사로,104,260.257171273397,0
1210008136,과천대로,104,272.541421580123,0
1200018402,신림로11길,104,35.841267753292,0
1200022300,호암로,104,65.654878115656,0
1200000904,난곡로,104,42.435165024134,0
1200031300,문성로16길,104,55.83485935342,0
1200028805,법원단지길,104,152.337244631955,0
1200005902,남부순환로,104,376.975354561113,0
1200016800,난곡로.인접길,104,11.330698548019,0
1200002404,문성로,104,11.741213974447,0
1200030600,문성로38길,104,18.604222216673,0
1200001504,남부순환로,104,269.213792553339,0
1200041303,은천로33길,104,49.752820666624,0
1210008103,과천대로,104,57.427974982169,0
1200004301,봉천로,104,14.637964791215,0
1200039503,관악로,104,41.342338071205,0
1200012203,보라매로5길,104,12.0,0
1200013402,서울대학교.내부도로,104,377.714426393905,0
1200003703,남부순환로,104,14.260999766902,0
1200030000,난우길,104,44.036452817941,0
1200015901,광신길,104,11.999992055276,0
1200014400,난곡로,104,298.713811693701,0
1200008500,조원로,104,168.796831657889,0
1200019604,서울대학교.내부도로,104,381.228500526812,0
1200007905,남부순환로,104,12.012933849139,0
1200040001,은천로25길,104,12.298643066985,0
1200009820,은천로,104,45.577880614091,0
1200025305,인헌길,104,102.541044266301,0
1200007803,신사로,104,367.557455458559,0
1200011304,봉천로,104,16.969068490923,0
1200049400,강남순환도시고속도로,102,149.687978814846,0
1200008123,양녕로,104,52.210933294672,0
1200029703,복은길,104,11.999932453941,0
1200012505,보라매로,104,205.442505129846,0
1200039704,신림동길,104,39.77375140598,0
1200002106,문성로,104,12.060160063465,0
1200007409,조원로,104,61.98508465916,0
1200000810,관악로,104,53.563043936267,0
1200045006,성현로,104,242.24662326189,0
1200023303,신림로,104,23.470664200854,0
1160004403,시흥대로,104,163.799039611642,0
1200010406,봉천로,104,430.045515294408,0
1200016304,원신길,104,12.042714327308,0
1200023402,문성로16다길,104,242.265961486059,0
1200002702,남부순환로,104,125.701199219256,0
1200029202,문성로38길,104,11.999922682322,0
1200018302,대학길,104,16.503363340394,0
1200043401,구암길,104,10.852931168761,0
1200025105,남현길,104,122.275928647012,0
1200021800,대학길,104,27.348737162103,0
1200011702,보라매로,104,125.080727487073,0
1200028202,인헌길,104,12.119000892585,0
1200027302,문성로16길,104,12.000010732416,0
1200019202,광신길,104,61.075679279613,0
1200041200,은천로25길,104,34.264778037863,0
1200050001,강남순환도시고속도로,102,789.393910769417,0
1200015800,광신길,104,426.59701789831,0
1200006600,조원로,104,82.018942014433,0
1200043201,은천로33길,104,12.236339294967,0
1200030203,관악로5길,104,19.70157024254,0
1200028812,법원단지길,104,77.072197345655,0
1200020600,관악로,104,93.552797675495,0
1200009908,신림로,104,120.652780942837,0
1200013201,서울대학교.내부도로,104,11.919044150793,0
1200041810,국회단지길,104,37.819096241208,0
1200039600,관악로,104,81.563251864903,0
1200007701,신사로,104,12.000038269412,0
1200046302,남부순환로248길,104,11.999990456685,0
1200015201,호암로,104,12.719840070308,0
1200010503,봉천로,104,13.335165185674,0
1200012402,양녕로,104,77.552849493307,0
1200038202,관천로,104,3.220293568142,0
1200007002,봉천로,104,117.282957941578,0
1200010006,신림로,104,12.049559497906,0
1200041401,은천로33길,104,12.042205320161,0
1200002206,문성로,104,12.261379152734,0
1200024903,서림길,104,232.186784325231,0
1200044903,관악로40길,104,27.625324112219,0
1200015906,광신길,104,91.852538830726,0
1200028602,문성로16가길,104,23.091646849305,0
1200002504,남부순환로,104,12.010377960909,0
1200040404,은천로39길,104,48.318449181492,0
1200032501,문성로,104,12.740463739811,0
1200001011,난곡로,104,57.785984349985,0
1200008111,관악로,104,68.509388394243,0
1200001502,남부순환로,104,117.652881747348,0
1200003911,남부순환로,104,87.106218747511,0
1200033202,봉천로,104,101.291119186459,0
1200052102,강남순환도시고속도로,102,835.877580238142,0
1200032800,봉천로,104,82.870432757004,0
1200017401,난곡로,104,12.002810458878,0
1200021001,낙성대로15길,104,11.999984832847,0
1200025003,서림길,104,87.209470877015,0
1210008032,과천대로,104,12.001726328601,0
1200040204,은천로35길,104,49.905558341743,0
1200028601,문성로16가길,104,11.999953672573,0
1200039200,관악로30길,104,81.677891205813,0
1190016501,보라매로,104,26.263664699838,0
1200020100,광신길,104,54.560860165568,0
1200001105,낙성대로,104,58.320562560275,0
1200004501,솔밭로,104,12.000367855771,0
1200029801,문성로16길,104,21.906630147474,0
1200005704,남부순환로,104,139.771414949016,0
1200005901,남부순환로,104,12.120898833923,0
1200029707,복은길,104,78.836197171625,0
1200039703,신림동길,104,18.065674606483,0
1200003015,쑥고개로,104,203.771721544636,0
1200022702,인헌16길,104,31.77545542978,0
1200044300,구암길,104,288.738265345571,0
1200030100,난우길,104,132.97238466889,0
1200052207,봉천로,107,64.895607865777,0
1200035001,관천로,104,11.783787057366,0
1200008602,조원로,104,119.126761845314,0
1200040704,은천로23길,104,78.09018066813,0
1200031200,문성로16길,104,80.334691730383,0
1200000813,관악로,104,73.885880863208,0
1200001103,낙성대로,104,50.875582937427,0
1200020103,광신길,104,42.058759678864,0
1200032601,봉천로62길,104,11.999942723768,0
1200051401,참숯길,104,12.000005617964,0
1200008801,남부순환로191길,104,60.694379367189,0
1200004401,봉천로,104,12.264237797793,0
1200007306,조원로,104,33.965835083714,0
1200007021,봉천로,104,48.40201966222,0
1200011203,신사로,104,211.991475478959,0
1200044100,보라매로5가길,104,176.743763315347,0
1200038200,관천로,104,135.896534975647,0
1200039803,신림동길,104,76.532711493989,0
1200006702,관악로,104,93.701332944365,0
1200007903,남부순환로,104,54.895861208788,0
1200006002,남부순환로,104,375.518467618843,0
1200046402,봉천로62길,104,17.772121544716,0
1200004801,남부순환로,104,282.31920541969,0
1160003404,남부순환로,104,131.122706361922,0
1200041906,국회단지길,104,23.417255859711,0
1200039001,관악로30길,104,11.999937347152,0
1200051001,쑥고개로16길,104,12.000022060132,0
1200040602,은천로25가길,104,12.000047704881,0
1200005703,남부순환로,104,124.728792401381,0
1200039502,관악로,104,11.999979154146,0
1200015601,난향길,104,12.000010287701,0
1200051700,상도로50길,104,83.267404876498,0
1200004103,신원로,104,91.311099584739,0
1200027301,문성로16길,104,14.456317375149,0
1200010301,봉천로,104,435.506655458361,0
1200015801,광신길,104,11.999989588148,0
1200000603,신림로,104,36.478825163482,0
1200025107,남현길,104,81.281733553917,0
1200001021,난곡로,104,46.695507346729,0
1200022911,난곡로26길,104,169.152028447541,0
1200014200,호암로,104,266.125558728264,0
1200003024,쑥고개로,104,53.570693118909,0
1200018801,대학18길,104,11.999966940345,0
1200001603,남부순환로,104,364.874667630334,0
1200007305,조원로,104,35.266575937028,0
1170044702,남부순환로,107,12.000033659972,0
1200041000,청림5길,104,57.439644296857,0
1200011805,보라매로,104,75.59818862583,0
1200001030,난곡로,104,57.925215565463,0
1200021303,대학7길,104,43.279035220261,0
1200021900,대학길,104,72.195709020649,0
1200022500,대학5길,104,35.86216488098,0
1200032401,문성로,104,12.066840622908,0
1200006508,조원로,104,62.032074136275,0
1200017302,난곡로9길,104,40.508111294753,0
1200028300,서림길,104,179.714464846651,0
1200028400,서림길,104,51.295363455276,0
1200022502,대학5길,104,47.768170008045,0
1200041609,관천로,104,52.408266629663,0
1200050002,강남순환도시고속도로,102,789.393910769385,0
1200006301,신림로,104,135.861132293844,0
1200000621,신림로,104,149.273688442326,0
1200028701,법원단지길,104,12.000004690917,0
1200030104,난우길,104,63.848210462722,0
1200022800,난곡로26길,104,86.690797637764,0
1200022604,인헌16길,104,206.441153937781,0
1200003005,쑥고개로,104,46.401835540275,0
1200028705,법원단지길,104,77.0721974081,0
1200030301,관악로5길,104,12.000065145756,0
1200016008,호암로,104,192.201978120907,0
1200028301,서림길,104,12.270185536132,0
1200019800,서울대학교.내부도로,104,157.067894239625,0
1200001506,남부순환로,104,254.93827941099,0
1200010501,봉천로,104,251.262862204266,0
1200005708,남부순환로,104,251.971888117912,0
1200022807,난곡로26길,104,87.208810811368,0
1200000508,신림로,104,109.529116547492,0
1200002604,남부순환로,104,11.878283309321,0
1200000909,난곡로,104,49.168237704983,0
1200011509,관악로,104,12.034090082215,0
1200004208,신원로,104,29.989372935866,0
1200027500,미성길,104,20.61414771566,0
1200018404,신림로11길,104,111.965455513478,0
1200052205,봉천로,107,27.872612112557,0
1200029500,남현1길,104,285.346372772547,0
1200007601,조원중앙로,104,196.47499524568,0
1200007805,신사로,104,91.502027487696,0
1200025302,인헌길,104,58.424269663912,0
1200006602,조원로,104,225.053590373668,0
1200011601,관악로,104,92.048236730574,0
1200051100,쑥고개로16길,104,45.311447650814,0
1200028600,문성로16가길,104,51.58542843096,0
1200043900,성현로,104,270.314136482202,0
1200011513,관악로,104,40.353822423854,0
1200009602,은천로,104,78.540937918299,0
1200051600,상도로50길,104,82.001814803246,0
1200000910,난곡로,104,82.005136594933,0
1200009104,신사로,104,11.824178103187,0
1200032102,문성로38길,104,31.61403717103,0
1200009818,은천로,104,51.126044424165,0
1200000511,신림로,104,215.251069092955,0
1200011508,관악로,104,12.706235704189,0
1200003905,남부순환로,104,14.765651750948,0
1200010811,신사로,104,47.813965531316,0
1200014301,난곡로,104,12.000028298239,0
1200025705,미성3길,104,69.303923905716,0
1200039701,신림동길,104,11.999974448563,0
1200029402,남현1길,104,12.000016728716,0
1200036400,관천로,104,40.42347192417,0
1200030502,봉천로,104,120.895170105399,0
1200031902,봉천로,104,113.945134630335,0
1200017501,난곡로,104,11.784099999815,0
1200002401,문성로,104,41.25409192045,0
1200018504,신림로11길,104,219.964231251356,0
1200036901,조원로17길,104,12.000003416218,0
1200041915,국회단지길,104,92.004859092427,0
1200014601,서울대학교.내부도로,104,12.596584749111,0
1200006804,관악로,104,12.715237904663,0
1200025703,미성3길,104,113.981493546339,0
1200022100,낙성대로15길,104,136.677821314011,0
1200006503,조원로,104,147.135354380606,0
1200002905,쑥고개로,104,75.920657366112,0
1200001602,남부순환로,104,118.457235906032,0
1200003601,신림로,104,33.849162563823,0
1200009621,은천로,104,172.016616488489,0
1200027402,문성로16길,104,11.999906812724,0
1200036902,조원로17길,104,107.605144005896,0
1200014202,호암로,104,243.919280621402,0
1200052202,봉천로,107,125.743268994098,0
1200027100,미성길,104,82.945655453148,0
1200038702,관악로30길,104,16.900278742826,0
1200004009,남부순환로,104,48.808129328307,0
1200015904,광신길,104,36.801848072633,0
1200042203,구암길,104,87.322548364697,0
1200020500,대학길,104,303.164549466323,0
1200032001,봉천로,104,12.000212741466,0
1200046200,인헌2길,104,51.495655741112,0
1200009207,신사로,104,96.98028295651,0
1200019700,서울대학교.내부도로,104,407.455966578392,0
1200041800,국회단지길,104,54.531022371826,0
1200032106,문성로38길,104,30.727785011965,0
1200034100,시흥대로,104,191.379938360523,0
1200012900,서울대학교.내부도로,104,288.601347930737,0
1200028002,인헌2길,104,12.000775695086,0
1200025203,남현길,104,473.193735473724,0
1200043800,성현로,104,154.84157054501,0
1200022912,난곡로26길,104,104.663096598844,0
1200011510,상도로,104,13.059587682234,0
1200008003,남부순환로,104,54.895861208777,0
1200009505,은천로,104,12.017996818957,0
1200001001,난곡로,104,18.208865918113,0
1200038504,남부순환로187길,104,58.084926192352,0
1200049700,강남순환도시고속도로,102,393.511708719991,0
1200007019,봉천로,104,69.31576974325,0
1200019300,광신길,104,172.117701043521,0
1200010807,신사로,104,27.779793537095,0
1200027801,신림로29길,104,13.997085087309,0
1200041603,관천로,104,58.763879552067,0
1200029709,복은길,104,204.390871261905,0
1200000922,난곡로,104,79.691184032191,0
1200000916,난곡로,104,132.675046283532,0
1200025901,난우길,104,12.27424337514,0
1200018802,대학18길,104,40.42670407622,0
1200049900,강남순환도시고속도로,102,644.905065052697,0
1200009801,은천로,104,48.295892578878,0
1200000507,신림로,104,154.093372276698,0
1200012704,서울대학교.내부도로,104,416.440404133205,0
1200009205,신사로,104,12.004946070743,0
1200018700,대학20길,104,26.449827334106,0
1200012700,서울대학교.내부도로,104,416.440404133209,0
1200013202,서울대학교.내부도로,104,426.280561860769,0
1200042601,은천로25길,104,12.189516078979,0
1200010809,신사로,104,30.547153716416,0
1200000814,관악로,104,60.010625032737,0
1200006402,신림로,104,12.023050666546,0
1200029609,복은길,104,153.409243295592,0
1200015700,난향길,104,41.338185771407,0
1200045002,성현로,104,231.802093245137,0
1200002107,문성로,104,12.000546126848,0
1200012602,보라매로,104,76.889837165539,0
1200014100,호암로,104,261.010662041641,0
1160004402,시흥대로,104,138.344887871262,0
1200039103,관악로30길,104,100.518566681621,0
1200005003,관악로,104,12.137727439352,0
1200039402,은천로33길,104,40.765005605814,0
1200013302,서울대학교.내부도로,104,377.059188912355,0
1200022801,난곡로26길,104,12.000053047936,0
1200013401,서울대학교.내부도로,104,12.012444776713,0
1200006909,봉천로,104,68.064870456572,0
1200030302,관악로5길,104,11.99997556915,0
1200021300,대학7길,104,43.099303552002,0
1200011603,관악로,104,107.102406934749,0
1200012801,서울대학교.내부도로,104,12.000059331009,0
1200040601,은천로25가길,104,12.624380226102,0
1200009507,은천로,104,109.696996737353,0
1200005106,조원중앙로,104,62.454864314106,0
1200010803,신사로,104,27.672027111392,0
1200027600,미성길,104,77.235849966422,0
1200016010,호암로,104,39.361054172762,0
1200032400,문성로,104,136.61361025628,0
1200017703,낙성대로,104,422.696985225082,0
1200007015,봉천로,104,66.431935659427,0
1200017304,난곡로9길,104,12.002294121079,0
1200044901,관악로40길,104,12.750550500095,0
1200007309,조원로,104,141.998370202945,0
1200040201,은천로35길,104,11.999991107114,0
1200001110,낙성대로,104,12.003249936504,0
1200036500,관천로,104,231.538632152641,0
1200032700,신림로,104,40.670302592261,0
1200037202,신림로64길,104,12.094566286374,0
1200037600,관악로24길,104,110.91913225007,0
1200028001,인헌2길,104,12.03736258696,0
1200040103,은천로35길,104,37.402429662334,0
1200001016,난곡로,104,103.24275139484,0
1200002103,문성로,104,150.796977728582,0
1200020403,대학길,104,60.945372615395,0
1200005713,남부순환로,104,67.092553052981,0
1200009516,은천로,104,54.831064826939,0
1200044002,보라매로5가길,104,12.000022566196,0
1200050200,강남순환도시고속도로,102,153.614822309047,0
1200028500,문성로16가길,104,138.159844558349,0
1200001104,낙성대로,104,80.311156445792,0
1200026800,신림로29길,104,48.486987844684,0
1200009401,난곡로,104,12.008256334459,0
1200023500,문성로16다길,104,273.970124627704,0
1200001302,신림로,104,216.664832992853,0
1200050000,강남순환도시고속도로,102,789.393910769428,0
1200010812,신사로,104,44.690137123986,0
1200025500,미성10길,104,227.871932189511,0
1200007004,봉천로,104,118.587409908467,0
1200004002,남부순환로,104,109.17933227553,0
1200017303,난곡로.인접길,104,11.999945220231,0
1200012502,보라매로,104,13.56132374326,0
1200028707,법원단지길,104,196.949889804947,0
1200017100,난곡로,104,50.042560075084,0
1200009304,난곡로,104,100.373711336888,0
1200003904,남부순환로,104,14.189932225657,0
1200037800,관천로,104,133.280626643991,0
1200001213,낙성대로,104,40.868616773774,0
1200026504,낙성대로3길,104,85.684437477952,0
1200005903,남부순환로,104,378.802451518109,0
1200002406,문성로,104,69.615001792624,0
1200033102,봉천로,104,16.764625089927,0
1200002703,남부순환로,104,231.803557242024,0
1200005804,남부순환로,104,43.010881303362,0
1200003906,남부순환로,104,109.179331084059,0
1200009807,은천로,104,13.165350628905,0
1200021201,대학7길,104,11.999988186249,0
1200002919,쑥고개로,104,64.745425806103,0
1200003014,쑥고개로,104,56.628362094618,0
1200041301,은천로33길,104,12.018082282692,0
1200025900,난우길,104,65.395467351368,0
1200011302,봉천로,104,330.698579192459,0
1200029404,남현1길,104,29.73437827777,0
1200001304,신림로,104,132.867343309836,0
1200042106,관악로37길,104,50.705936884197,0
1200025101,남현길,104,13.461962816803,0
1200039705,신림동길,104,30.73986002766,0
1200001017,난곡로,104,109.767290782514,0
1200008802,남부순환로191길,104,117.793010419559,0
1200016601,서울대학교.내부도로,104,9.111072189573,0
1200030404,봉천로,104,120.895170105425,0
1200022401,대학5길,104,11.99998960997,0
1200030500,봉천로,104,109.407981732304,0
1200025504,미성10길,104,49.404465443634,0
1200051402,참숯길,104,108.395350983645,0
1200007401,조원로,104,90.242758019417,0
1200009806,은천로,104,12.001338102348,0
1200029714,복은길,104,26.175556424534,0
1200004107,신원로,104,81.367564677373,0
1200017602,낙성대로,104,12.000017114626,0
1200002501,남부순환로,104,153.084120660075,0
1200006913,봉천로,104,140.975097219684,0
1200001408,신림로,104,14.65819517215,0
1200002306,문성로,104,91.715641806039,0
1200020700,관악로,104,155.307356234258,0
1200003403,관악로,104,82.475171773093,0
1200040105,은천로35길,104,96.289932488167,0
1200015704,난향길,104,37.453576895125,0
1200037901,신림로64길,104,12.000004662105,0
1160005803,시흥대로,104,13.969564001718,0
1200001702,신림로,104,188.434678373495,0
1200001002,난곡로,104,24.199083668604,0
1200000608,신림로,104,149.495542544718,0
1200009709,은천로,104,13.404430139725,0
1200045501,성현로,104,18.276728404415,0
1200035803,관천로,104,82.913790578471,0
1200021701,신림로11길,104,12.004001582452,0
1200031502,낙성대역길,104,12.00164898377,0
1200026602,낙성대로3길,104,12.146325948041,0
1200027800,신림로29길,104,41.548436096357,0
1200029604,복은길,104,12.000115488052,0
1200007001,봉천로,104,28.96232791709,0
1200030501,봉천로,104,12.010202268711,0
1200007107,남부순환로,104,35.933767263064,0
1200025704,미성3길,104,62.029184782811,0
1200039900,은천로25길,104,93.031534071218,0
1200045107,성현로,104,172.41048898774,0
1200025306,인헌길,104,106.955483775958,0
1200019001,대학길,104,12.056669922304,0
1200039300,은천로33길,104,86.517329797011,0
1200003702,남부순환로,104,294.905266853583,0
1200039101,관악로30길,104,12.574167391269,0
1200039205,관악로30길,104,265.070600096428,0
1200021801,대학길,104,12.987725757512,0
1200002922,쑥고개로,104,74.994579813726,0
1200037601,관악로24길,104,11.999955433647,0
1200039902,은천로25길,104,12.293030857442,0
1200013102,서울대학교.내부도로,104,429.40593454508,0
1200005205,조원중앙로,104,112.10847549381,0
1200028814,법원단지길,104,36.651556049606,0
1200051301,쑥고개로16길,104,11.999918489607,0
1200052209,봉천로,107,45.657724479759,0
1200042202,구암길,104,11.999947005719,0
1200011701,보라매로,104,42.624830155521,0
1200014701,서울대학교.내부도로,104,11.999967198916,0
1200025604,미성10길,104,45.445906158348,0
1200020001,광신길,104,12.000024660856,0
1200052201,봉천로,107,92.460684083945,0
1200032603,봉천로62길,104,55.959979597962,0
1200044302,구암길,104,85.144333743267,0
1200042401,은천로39길,104,12.278330727652,0
1200025204,남현길,104,79.215668246085,0
1200011602,관악로,104,54.545062082715,0
1200021600,신림로11길,104,53.685829077357,0
1200006403,신림로,104,76.416805891134,0
1200003106,난곡로,104,158.005471125975,0
1200019702,서울대학교.내부도로,104,407.455966578519,0
1200005813,남부순환로,104,56.767181493998,0
1200042702,은천로25길,104,71.371379820406,0
1200041912,국회단지길,104,37.176032063295,0
1200009911,신림로,104,44.310423500513,0
1200000703,관악로,104,12.111784538424,0
1200036603,중앙2길,104,22.440460265004,0
1200013900,서울대학교.내부도로,104,282.819672695196,0
1200029611,복은길,104,284.811530263179,0
1200033801,신림로,104,12.000127312614,0
1200015902,광신길,104,37.452345115629,0
1200041904,국회단지길,104,45.601111503775,0
1200014403,난곡로,104,352.194049439613,0
1200020202,광신길,104,87.224962672857,0
1200032602,봉천로62길,104,20.164846013196,0
1200035200,조원로18길,104,349.433303178733,0
1200013101,서울대학교.내부도로,104,16.481839361085,0
1200007104,남부순환로,104,14.482373620267,0
1200015100,호암로,104,87.539186906887,0
1200008606,조원로,104,57.860276224267,0
1200000911,난곡로,104,300.079848122768,0
1200039700,신림동길,104,71.046813184915,0
1200016501,난곡로,104,12.110486783416,0
1200018405,신림로11길,104,47.54199673459,0
1200042201,구암길,104,12.660026160751,0
1200018200,대학길,104,15.170162021521,0
1200029601,복은길,104,76.220528245034,0
1200041901,국회단지길,104,11.99990658139,0
1200006902,봉천로,104,100.602749806953,0
1200001112,낙성대로,104,42.892952611375,0
1200009103,신사로,104,13.211968653757,0
1200004903,관악로,104,12.011355262461,0
1200018406,신림로11길,104,22.221715259324,0
1200025800,미성3길,104,38.000110314874,0
1200006904,봉천로,104,23.548094741578,0
1200018000,난곡로,104,64.652061393044,0
1200009607,은천로,104,12.02143883778,0
1200036401,관천로,104,11.999978642232,0
1200041510,관천로,104,266.289945811639,0
1200000502,신림로,104,312.853283554935,0
1200016103,호암로,104,12.103490758225,0
1200038502,남부순환로187길,104,12.129939968663,0
1200044000,보라매로5가길,104,174.902529066502,0
1200004105,신원로,104,11.999966696481,0
1200028101,인헌길,104,12.237687890885,0
1200042103,관악로37길,104,29.261789979232,0
1200016205,원신길,104,301.551314133199,0
1200022402,대학5길,104,12.392054915702,0
1200000706,관악로,104,47.21942911504,0
1200038201,관천로,104,16.96824182293,0
1200011404,봉천로,104,12.009633940675,0
1200022603,인헌16길,104,46.112268768913,0
1200022602,인헌16길,104,32.020674586684,0
1200013801,호암로,104,12.010906405218,0
1200003103,난곡로,104,48.707379471366,0
1200017900,대학20길,104,62.908874832674,0
1200040206,은천로35길,104,37.402429635775,0
1200038800,관악로30길,104,70.712561765917,0
1200009912,신림로,104,40.167778181843,0
1200030304,관악로5길,104,372.405223636135,0
1200002108,문성로,104,49.20245545629,0
1200009608,은천로,104,68.627959837771,0
1200007412,조원로,104,59.635652270197,0
1200002706,남부순환로,104,31.400534081906,0
1200018508,신림로11길,104,73.569501769337,0
1200006918,봉천로,104,76.904590349067,0
1200015803,광신길,104,90.957080288761,0
1200012301,양녕로,104,126.59265725084,0
1200005803,남부순환로,104,54.615462156703,0
1200011703,보라매로,104,12.000058650369,0
1200004601,솔밭로,104,85.529111526218,0
1200004202,신원로,104,49.378329082535,0
1200000803,관악로,104,11.074105835589,0
1210008004,과천대로,104,59.007929451848,0
1200004102,신원로,104,52.851996695248,0
1200018601,대학20길,104,11.999990418888,0
1200014000,서울대학교.내부도로,104,266.207381681048,0
1200025301,인헌길,104,12.000642989031,0
1200021302,대학7길,104,12.000024225453,0
1200023102,원신길,104,287.161200733051,0
1200021601,신림로11길,104,12.637003041716,0
1200052608,봉천로,107,106.777329432709,0
1200004602,솔밭로,104,59.842854645809,0
1200005800,남부순환로,104,151.263723397302,0
1200019603,서울대학교.내부도로,104,424.666412549497,0
1200007205,남부순환로,104,23.691569352439,0
1200043602,구암5길,104,11.999992965632,0
1200045102,성현로,104,21.354942700876,0
1200031601,낙성대역길,104,11.999954052123,0
1200045101,성현로,104,283.615670769545,0
1200003603,신림로,104,13.726923186563,0
1200038801,관악로30길,104,13.613496207868,0
1200040000,은천로25길,104,100.340457688933,0
1200030901,남현길,104,13.685315928121,0
1200005202,조원중앙로,104,94.459784163693,0
1200025104,남현길,104,58.11795107693,0
1200045402,성현로,104,13.244919769171,0
1200009502,은천로,104,107.560219219182,0
1200025106,남현길,104,116.609701083994,0
1200050102,강남순환도시고속도로,102,797.617246009273,0
1200010805,신사로,104,20.698991930142,0
1200000811,관악로,104,41.968938568742,0
1200028713,법원단지길,104,152.110626843085,0
1200020301,광신길,104,13.173815869015,0
1200028811,법원단지길,104,38.998410723824,0
1200044806,관악로40길,104,28.093716980536,0
1210071400,강남순환도시고속도로,102,571.416461188586,0
1200002000,남부순환로,104,226.104342528982,0
1200008004,남부순환로,104,12.030754361402,0
1200009102,신사로,104,268.478945833489,0
1200010305,봉천로,104,438.461609300666,0
1200025402,인헌길,104,54.434726028314,0
1200036502,관천로,104,16.108616145113,0
1200016700,서울대학교.내부도로,104,424.709530124145,0
1200012601,보라매로,104,19.419471342493,0
1200002908,쑥고개로,104,12.064767178108,0
1200041102,은천로25길,104,122.829576244376,0
1200027201,미성길,104,15.589125001864,0
1200044802,관악로40길,104,79.637834631444,0
1200000521,신림로,104,149.286407946924,0
1200038503,남부순환로187길,104,53.646260612145,0
1200030701,문성로38길,104,12.318822139482,0
1200008202,양녕로,104,143.952369184243,0
1200009501,은천로,104,29.120085762238,0
1200042301,구암길,104,11.999986460992,0
1200029001,문성로38길,104,12.411297241419,0
1200001009,난곡로,104,107.287528077527,0
1200030201,관악로5길,104,11.999976183615,0
1200012302,양녕로,104,74.627822081519,0
1200023003,원신길,104,284.729109682321,0
1200038000,신림로64길,104,54.391179451859,0
1200038400,남부순환로187길,104,156.912271635738,0
1200030400,봉천로,104,55.091353719987,0
1200052603,봉천로,107,58.93854355746,0
1200030200,관악로5길,104,111.851985038145,0
1200002110,문성로,104,114.312048388624,0
1200009301,난곡로,104,12.033628269861,0
1200010404,봉천로,104,430.04551529446,0
1200002924,쑥고개로,104,128.220189336184,0
1200032103,문성로38길,104,32.263827065994,0
1200008100,양녕로,104,94.062889665791,0
1200037100,남부순환로187길,104,62.030291024171,0
1200021301,대학7길,104,11.999992708839,0
1200006401,신림로,104,115.339140390727,0
1200051201,쑥고개로16길,104,11.999918481294,0
1200001031,난곡로,104,33.32217232206,0
1200007602,조원중앙로,104,13.20140512572,0
1200004201,신원로,104,86.267715382908,0
1200008203,양녕로,104,146.263035741689,0
1200001012,난곡로,104,211.783554072853,0
1200008608,조원로,104,52.755238348289,0
1200029705,복은길,104,12.249167964148,0
1200007404,조원로,104,15.656550220537,0
1200019100,대학길,104,34.00290944385,0
1200040502,은천로25가길,104,11.999956328319,0
1200000504,신림로,104,66.761262485727,0
1200033401,남부순환로234길,104,12.000026930341,0
1170008302,문성로,104,92.600769803799,0
1200028501,문성로16가길,104,12.0,0
1200030009,난우길,104,57.854325140824,0
1200021400,인헌길,104,375.652292439747,0
1200001019,난곡로,104,48.768520555569,0
1200010008,신림로,104,139.141878388906,0
1200005709,남부순환로,104,48.595033730748,0
1200043801,성현로,104,13.51178759554,0
1200029608,복은길,104,78.18420024983,0
1200006102,난곡로,104,120.79929994514,0
1210008133,과천대로,104,10.587791805127,0
1200035303,조원로18길,104,259.038952429456,0
1200016011,호암로,104,132.248875161037,0
1200038701,관악로30길,104,12.591498974365,0
1200019703,서울대학교.내부도로,104,407.455966578432,0
1200039102,관악로30길,104,190.072064860771,0
1200022403,대학5길,104,33.035747440376,0
1200002907,쑥고개로,104,21.782413683266,0
1200014500,서울대학교.내부도로,104,98.485551640122,0
1200028714,법원단지길,104,28.11015786798,0
1200003011,쑥고개로,104,65.062868771373,0
1200003201,난곡로,104,12.165905617257,0
1200041907,국회단지길,104,32.295594246727,0
1200020501,대학길,104,12.108213514205,0
1200017801,대학20길,104,14.879199929572,0
1200023200,신림로,104,14.65241787598,0
1200016400,난곡로,104,120.155668521165,0
1200041006,청림5길,104,44.301248496953,0
1200002901,쑥고개로,104,72.261652943558,0
1200010010,신림로,104,24.380917663268,0
1200005812,남부순환로,104,45.583086326633,0
1200024500,신림로23길,104,33.327106449875,0
1200005705,남부순환로,104,176.105729435082,0
1200011806,보라매로,104,36.702118838315,0
1200007202,남부순환로,104,47.855939876894,0
1200009819,은천로,104,53.976919571842,0
1200014001,서울대학교.내부도로,104,12.000030045103,0
1200038401,남부순환로187길,104,11.999939726561,0
1200028504,문성로16가길,104,88.599167840145,0
1200008506,조원로,104,39.575177102531,0
1200000917,난곡로,104,17.223666927159,0
1200010605,봉천로,104,251.262862961056,0
1200019002,대학길,104,11.999976797669,0
1200029702,복은길,104,353.149380979922,0
1200015907,광신길,104,40.229615686054,0
1200042000,관악로37길,104,47.04332841309,0
1200009508,은천로,104,63.761167412956,0
1200006501,조원로,104,18.88342427092,0
1200000708,관악로,104,61.714196832598,0
1200007101,남부순환로,104,54.906943541617,0
1200000604,신림로,104,95.52405406585,0
1200026601,낙성대로3길,104,11.999986193846,0
1200032201,문성로38길,104,12.000047708851,0
1200012405,양녕로,104,197.401019898714,0
1200007005,봉천로,104,23.769661524045,0
1200050003,강남순환도시고속도로,102,789.393910769404,0
1200022804,난곡로26길,104,411.921607201406,0
1200042200,구암길,104,93.967962185948,0
1200036602,중앙2길,104,132.110398020485,0
1200014802,서울대학교.내부도로,104,11.999962362147,0
1200026505,낙성대로3길,104,41.022976476065,0
1200035902,관천로,104,11.999570223193,0
1200041913,국회단지길,104,32.662507482174,0
1200025802,미성3길,104,263.264082504517,0
1200018201,대학길,104,11.999978432282,0
1200007007,봉천로,104,111.084091868853,0
1200025600,미성10길,104,115.31009634341,0
1200004304,봉천로,104,108.526581025029,0
1200010810,신사로,104,57.961912795767,0
1200040403,은천로39길,104,54.074928404803,0
1200023000,원신길,104,73.447385307502,0
1200003501,신림로,104,21.301707468591,0
1200030300,관악로5길,104,170.145634415498,0
1200009704,은천로,104,29.138366592601,0
1200029301,문성로38길,104,12.002936287902,0
1200025700,미성3길,104,15.091676442321,0
1200003502,신림로,104,137.20387956988,0
1200000926,난곡로,104,46.08420486257,0
1200006000,남부순환로,104,375.5184676188,0
1200025502,미성10길,104,9.541251499233,0
1200044301,구암길,104,12.000062291181,0
1200004902,관악로,104,87.280827982674,0
1200051302,쑥고개로16길,104,11.664892426158,0
1200045103,성현로,104,11.37026860213,0
1200022905,난곡로26길,104,34.672667060652,0
1200008510,조원로,104,86.770619165494,0
1200029606,복은길,104,41.812019932345,0
1200032900,봉천로,104,83.150494576737,0
1200009208,신사로,104,88.728103250299,0
1200037900,신림로64길,104,54.519705118213,0
1200031900,봉천로,104,80.009041820855,0
1200020800,관악로,104,107.314087180965,0
1200014501,서울대학교.내부도로,104,12.702229369648,0
1200032600,봉천로62길,104,50.904373717451,0
1200008505,조원로,104,115.902982630049,0
1200040300,은천로39길,104,128.655970673937,0
1200051502,참숯길,104,65.34761311819,0
1200041100,은천로25길,104,17.363245848205,0
1200040203,은천로35길,104,31.005185097453,0
1200009604,은천로,104,47.638501727937,0
1200039401,은천로33길,104,12.000007039129,0
1200001201,낙성대로,104,443.571909511797,0
1200028503,문성로16가길,104,28.858704949158,0
1200011807,보라매로,104,69.550567215093,0
1200004303,봉천로,104,130.373096147255,0
1200025205,남현길,104,81.461096171477,0
1200042105,관악로37길,104,74.663683229253,0
1200005207,조원중앙로,104,31.129558333394,0
1200028403,서림길,104,51.165179886828,0
1200028813,법원단지길,104,100.335944812122,0
1200005702,남부순환로,104,82.168614489894,0
1200005801,남부순환로,104,14.702606759617,0
1200022202,호암로,104,174.06572480542,0
1200016104,호암로,104,12.339576352507,0
1200026700,신림로29길,104,48.582702172128,0
1200003010,쑥고개로,104,12.002456173973,0
1200051800,동마길,104,124.282487538593,0
1200026501,낙성대로3길,104,12.000022366001,0
1200016201,원신길,104,250.973138053482,0
1200052210,봉천로,107,81.209031600114,0
1200010101,난곡로,104,12.003099068154,0
1200001307,신림로,104,12.000565841445,0
1200021702,신림로11길,104,12.951544388499,0
1200025902,난우길,104,66.076900338693,0
1200030106,난우길,104,56.749483494424,0
1200005807,남부순환로,104,381.326386932543,0
1200044900,관악로40길,104,50.757041741742,0
1200027300,문성로16길,104,55.147753290935,0
1200018100,난곡로,104,28.180000165055,0
1200001508,남부순환로,104,12.092963121675,0
1200041902,국회단지길,104,53.854917782321,0
1200001900,남부순환로,104,226.197571905898,0
1200026001,난우길,104,12.689291770098,0
1170044701,남부순환로,107,67.645205661885,0
1200025505,미성10길,104,110.154086232635,0
1200000602,신림로,104,342.804813807243,0
1200025300,인헌길,104,58.748855227155,0
1200011401,봉천로,104,136.604299241709,0
1200000523,신림로,104,12.000664110971,0
1200002104,문성로,104,498.266585551051,0
1200018413,신림로11길,104,38.895346877318,0
1200036604,중앙2길,104,26.629404098162,0
1200030003,난우길,104,39.783392889928,0
1200052203,봉천로,107,15.911955143968,0
1200029603,복은길,104,11.999976183615,0
1170002503,호암로,104,119.168768507902,0
1200013002,서울대학교.내부도로,104,12.000062059068,0
1200006106,난곡로,104,121.85756693272,0
1200035301,조원로18길,104,11.999975502254,0
1200009303,난곡로,104,47.627411109983,0
1200037000,남부순환로187길,104,21.567152270965,0
1200002930,쑥고개로,104,36.106205982235,0
1200001503,남부순환로,104,376.035797791764,0
1200013200,서울대학교.내부도로,104,426.280561860672,0
1200003903,남부순환로,104,182.402703564123,0
1200045400,성현로,104,340.39822007292,0
1200035800,관천로,104,125.681032512346,0
1200011607,관악로,104,13.908373306993,0
1200051701,상도로50길,104,12.399550769443,0
1200035101,관천로,104,11.835409964796,0
1200004802,남부순환로,104,12.000016545369,0
1200020101,광신길,104,11.99999059923,0
1200044600,양녕로,104,276.073457496001,0
1200000908,난곡로,104,76.28919791867,0
1200012408,양녕로,104,16.938937644834,0
1200004503,솔밭로,104,74.851436384585,0
1200029602,복은길,104,235.896412752696,0
1200018503,신림로11길,104,28.026421010404,0
1200010011,신림로,104,76.937883378829,0
1200002913,쑥고개로,104,66.161117835847,0
1200038500,남부순환로187길,104,52.938005591142,0
1200029708,복은길,104,188.426998329965,0
1200037602,관악로24길,104,14.017535203058,0
1200006605,조원로,104,67.22873025442,0
1200041101,은천로25길,104,12.013334253115,0
1200011613,관악로,104,30.831258716102,0
1200042500,은천로39길,104,47.394845221458,0
1200010505,봉천로,104,32.949374698534,0
1200008124,양녕로,104,37.253759173635,0
1200002921,쑥고개로,104,122.205000255208,0
1200009907,신림로,104,12.027466156865,0
1200031901,봉천로,104,12.10185569665,0
1200001510,남부순환로,104,12.159410581508,0
1200006903,봉천로,104,127.747090237457,0
1200040401,은천로39길,104,12.178230706668,0
1200039400,은천로33길,104,64.271499898677,0
1200000605,신림로,104,69.130504417902,0
1200024100,신림로,104,30.400978437247,0
1200051102,쑥고개로16길,104,12.000028455263,0
1200044805,관악로40길,104,25.871822476238,0
1200001005,난곡로,104,12.000036527789,0
1200011704,보라매로,104,16.656463407233,0
1200004008,남부순환로,104,110.769743952436,0
1200001601,남부순환로,104,346.198832123561,0
1200008603,조원로,104,152.240715259838,0
1200027701,신림로29길,104,38.853926179106,0
1200023201,신림로,104,28.646649308031,0
1200052702,남부순환로,107,12.000076530502,0
1200011403,봉천로,104,12.175816715957,0
1200022900,난곡로26길,104,178.220719083099,0
1200051400,참숯길,104,64.063501702263,0
1200000804,관악로,104,13.89748477597,0
1200028817,법원단지길,104,269.406732481332,0
1200025005,서림길,104,43.077555413886,0
1200009101,신사로,104,144.677149461927,0
1200039304,은천로33길,104,61.238406976276,0
1200030208,관악로5길,104,168.382866735079,0
1210013208,동작대로,104,24.040522349365,0
1200000607,신림로,104,80.540199844614,0
1200025004,서림길,104,101.931993080922,0
1200041814,국회단지길,104,31.777019769655,0
1200012702,서울대학교.내부도로,104,416.440404133301,0
1200017601,낙성대로,104,12.064874197166,0
1200029900,문성로16길,104,220.61007294039,0
1200041914,국회단지길,104,29.346265811701,0
1200043901,성현로,104,12.132987772783,0
1200001109,낙성대로,104,12.144242720383,0
1200003016,쑥고개로,104,39.728658040006,0
1200038002,신림로64길,104,12.156020463601,0
1200007302,조원로,104,48.307021548439,0
1200001211,낙성대로,104,19.855460368236,0
1200020402,대학길,104,41.579885676242,0
1200003020,쑥고개로,104,68.066366540852,0
1200041807,국회단지길,104,88.002421204619,0
1200018407,신림로11길,104,31.22034118542,0
1200006705,관악로,104,11.994745205481,0
1200023301,신림로,104,12.824932396026,0
1200033200,봉천로,104,16.764630068545,0
1200007501,조원중앙로,104,19.449637351218,0
1200041610,관천로,104,46.889951415067,0
1200040102,은천로35길,104,85.004982088651,0
1200022304,호암로,104,97.697360935205,0
1200008605,조원로,104,98.908729408518,0
1200041910,국회단지길,104,28.795892691981,0
1200007904,남부순환로,104,12.094927177652,0
1200022902,난곡로26길,104,12.820531006565,0
1200001209,낙성대로,104,12.144780937193,0
1200029901,문성로16길,104,0.72662128971,0
1200039501,관악로,104,14.993415614795,0
1200005100,조원중앙로,104,132.238261261507,0
1200004003,남부순환로,104,14.192814023501,0
1200040101,은천로35길,104,11.999977086498,0
1200007310,조원로,104,63.643134495411,0
1190013302,보라매로5길,104,141.936594933569,0
1200013703,호암로,104,213.470068022328,0
1200045003,성현로,104,12.038972589342,0
1210008134,과천대로,104,387.649737920905,0
1200044402,보라매로3길,104,94.157147773658,0
1200028502,문성로16가길,104,21.675278352946,0
1200001026,난곡로,104,20.182884599225,0
1200006302,신림로,104,13.893454633414,0
1200022200,호암로,104,117.264599797519,0
1200021602,신림로11길,104,31.168953281641,0
1200007801,신사로,104,13.227373128396,0
1200015101,호암로,104,12.323198860769,0
1200002912,쑥고개로,104,53.708600382863,0
1200021002,낙성대로15길,104,233.813765709914,0
1200030700,문성로38길,104,18.604265301144,0
1200004803,남부순환로,104,280.704727553826,0
1200003102,난곡로,104,57.280728695638,0
1200005301,양녕로,104,12.000014737547,0
1200002402,문성로,104,107.00375750495,0
1200006103,난곡로,104,14.853064672731,0
1160004404,시흥대로,104,12.041272073229,0
1200002303,문성로,104,12.050109102472,0
1200016701,서울대학교.내부도로,104,12.000300341094,0
1200026300,신림로,104,46.750022498957,0
1200009506,은천로,104,26.591993982937,0
1200014600,서울대학교.내부도로,104,99.524344758695,0
1200038900,관악로30길,104,58.546883202948,0
1200004402,봉천로,104,193.589310947456,0
1200010808,신사로,104,27.543235016127,0
1200006504,조원로,104,18.813966785862,0
1200002408,문성로,104,54.807896636467,0
1200030800,남현길,104,77.860131863577,0
1200037700,관천로,104,112.466192749721,0
1200012202,보라매로5길,104,116.148803646952,0
1200024000,신림로,104,28.942043311863,0
1200007012,봉천로,104,55.337248067215,0
1200006304,신림로,104,54.894094515454,0
1200029607,복은길,104,70.676556826565,0
1200038101,관천로,104,13.194441454092,0
1200002202,문성로,104,125.18348041372,0
1200006907,봉천로,104,53.761206978736,0
1200030101,난우길,104,11.999970448398,0
1200043301,구암길,104,9.932875528461,0
1200016203,원신길,104,12.081711216521,0
1200023703,대학길,104,25.028184778597,0
1200033600,봉천로,104,39.994911611986,0
1200041001,청림5길,104,12.799776159699,0
1200011101,신사로,104,344.732159927841,0
1200050100,강남순환도시고속도로,102,779.203964509659,0
1200051503,참숯길,104,69.031973580199,0
1200028706,법원단지길,104,24.261400185586,0
1200004101,신원로,104,48.30014567716,0
1200009706,은천로,104,11.177548175298,0
1200006202,난곡로,104,121.857566932725,0
1200046401,봉천로62길,104,12.000054480859,0
1200050900,강남순환도시고속도로,102,122.766873905306,0
1200009803,은천로,104,98.477873428391,0
1200028806,법원단지길,104,27.937920932819,0
1200018509,신림로11길,104,38.895346798341,0
1210008034,과천대로,104,383.686932551404,0
1200019000,대학길,104,19.785932219822,0
1200001029,난곡로,104,76.972304050647,0
1200001303,신림로,104,144.786261230558,0
1200028809,법원단지길,104,36.566390561406,0
1200009511,은천로,104,85.245954941829,0
1200036701,중앙2길,104,12.015712710491,0
1200017301,난곡로.인접길,104,15.437879703063,0
1200012306,양녕로,104,12.663528011075,0
1200006915,봉천로,104,118.533739120706,0
1200028200,인헌길,104,63.223220063346,0
1200044500,보라매로3길,104,205.073627546795,0
1200001803,신림로,104,215.698079624269,0
1200000912,난곡로,104,57.453745760859,0
1200009909,신림로,104,53.858028620065,0
1200012603,보라매로,104,141.607264610379,0
1200009906,신림로,104,12.081862522406,0
1200041605,관천로,104,83.622447076994,0
1200001305,신림로,104,155.923926772364,0
1200007402,조원로,104,62.22656610507,0
1200017001,난곡로,104,14.886744293855,0
1200005400,양녕로,104,86.147720154324,0
1200033700,봉천로,104,180.813636993049,0
1200007102,남부순환로,104,47.984188173219,0
2200028202,과천대로,107,335.871345734053,0
1200037702,관천로,104,15.920370205207,0
1200002204,문성로,104,497.774851394808,0
1200024700,신림로,104,36.372518426473,0
1200010004,신림로,104,189.287446667102,0
1190013200,보라매로5길,104,49.742625155762,0
1200020300,광신길,104,67.546175685468,0
1200002906,쑥고개로,104,112.765600025042,0
1200014302,난곡로,104,283.400457848013,0
1200009904,신림로,104,48.71311310988,0
1200019101,대학길,104,12.000028107283,0
1200024901,서림길,104,114.51015393281,0
1200009708,은천로,104,11.999955433647,0
1200023702,대학길,104,35.446959611811,0
1200001405,신림로,104,111.595722982176,0
1200002917,쑥고개로,104,285.937558372235,0
1200024400,신림로17길,104,28.787404824153,0
1200009903,신림로,104,58.697845633661,0
1200029201,문성로38길,104,16.039818473675,0
1200010504,봉천로,104,13.488164717783,0
1200031600,낙성대역길,104,61.052903361608,0
1200005700,남부순환로,104,25.786018438234,0
1200030207,관악로5길,104,249.489135472656,0
1200040802,은천로23길,104,11.99999667609,0
1200033400,남부순환로234길,104,60.142334280043,0
1200025701,미성3길,104,12.000552104617,0
1200010800,신사로,104,93.422795659622,0
1200013001,서울대학교.내부도로,104,11.99995652008,0
1200011803,보라매로,104,12.061248593265,0
1200007503,조원중앙로,104,87.456420593719,0
1200022703,인헌16길,104,46.112268767885,0
1200022904,난곡로26길,104,17.795643636031,0
1200001102,낙성대로,104,386.428519399314,0
1200012409,양녕로,104,12.106031261732,0
1200038102,관천로,104,2.961961977035,0
1200003007,쑥고개로,104,12.011073607412,0
1200029303,문성로38길,104,95.388164343375,0
1200022601,인헌16길,104,12.000042917443,0
1200016001,호암로,104,44.884461415819,0
1200019602,서울대학교.내부도로,104,6.823031677179,0
1200023202,신림로,104,145.943285105448,0
1200050101,강남순환도시고속도로,102,790.092928087817,0
1200001607,남부순환로,104,11.81759085932,0
1200032105,문성로38길,104,65.076330209359,0
1200018515,신림로11길,104,56.043753338601,0
1200045401,성현로,104,19.453826696727,0
1200026603,낙성대로3길,104,329.908610791688,0
1200020200,광신길,104,189.264448917524,0
1200037200,신림로64길,104,332.125194552325,0
1200037801,관천로,104,15.165459232027,0
1200022813,난곡로26길,104,24.977874875538,0
1200041302,은천로33길,104,54.594783610032,0
1200001608,남부순환로,104,12.120797814946,0
1200028810,법원단지길,104,24.261400197799,0
1200041806,국회단지길,104,127.709514710567,0
1200009300,난곡로,104,46.291518070567,0
1200044200,구암길,104,56.196526123856,0
1200008130,양녕로,104,26.101147276705,0
1200046203,인헌2길,104,47.409019079309,0
1200040900,청림5길,104,57.710479431511,0
1200044809,관악로40길,104,55.117927744709,0
1200034301,신림로,104,12.000064054074,0
1200003404,관악로,104,135.399438736655,0
1200022915,난곡로26길,104,45.491334937805,0
1200027000,미성길,104,133.101584120223,0
1200026201,문성로16다길,104,20.758359315403,0
1200002403,문성로,104,12.006425256809,0
1200021500,인헌길,104,183.680834153139,0
1200005210,조원중앙로,104,104.328546517003,0
1200052000,강남순환도시고속도로,102,837.110495391886,0
1210008035,과천대로,104,275.338979473777,0
1200007020,봉천로,104,54.579324946291,0
1160004407,시흥대로,104,61.48857695143,0
1200006802,관악로,104,34.853533694661,0
1200015602,난향길,104,110.63865008148,0
1200007204,남부순환로,104,12.041618304728,0
1200013700,호암로,104,309.028608099874,0
1200003030,쑥고개로,104,46.770425810371,0
1200004106,신원로,104,69.429333143746,0
1200016002,호암로,104,80.334302576387,0
1200004203,신원로,104,54.510490825421,0
1200012101,보라매로5길,104,158.305007168509,0
1200009712,은천로,104,88.155792696882,0
1200009805,은천로,104,34.805532178735,0
1160005802,시흥대로,104,73.193153307783,0
1200006916,봉천로,104,41.84854598492,0
1200016105,호암로,104,431.240305350232,0
1200033601,봉천로,104,12.115343192941,0
1200037502,관악로24길,104,13.482783692621,0
1200036703,중앙2길,104,208.877857163237,0
1200018409,신림로11길,104,38.855059704412,0
1200039301,은천로33길,104,11.999998958688,0
1200030005,난우길,104,79.769500326874,0
1200018900,대학18길,104,42.752959005099,0
1200034700,관천로,104,126.256192563091,0
1200025801,미성3길,104,12.190278977672,0
1200015702,난향길,104,85.507803161744,0
1200018501,신림로11길,104,11.267837978149,0
1210008021,과천대로,104,445.242807162978,0
1200009915,신림로,104,26.348153791434,0
1200001014,난곡로,104,31.236787574049,0
1200052401,-,107,97.752883612079,0
1200040301,은천로39길,104,15.192802868222,0
1160005201,디지털로32길,104,11.999947984667,0
1200000522,신림로,104,12.135735099074,0
1200043701,구암5길,104,11.999987423014,0
1200001509,남부순환로,104,12.103517588688,0
1200043702,구암5길,104,11.999837526354,0
1200014801,서울대학교.내부도로,104,12.00004313294,0
1200017700,낙성대로,104,422.696985225127,0
1160005801,시흥대로,104,77.727295863121,0
1200042002,관악로37길,104,52.212570569298,0
1200039000,관악로30길,104,93.844484200781,0
1200025000,서림길,104,117.384924381887,0
1200007403,조원로,104,12.026672904678,0
1200021802,대학길,104,42.597767772824,0
1200024800,신림로,104,37.248305625168,0
1200008207,양녕로,104,92.958692599569,0
1200029715,복은길,104,70.676556829528,0
1200037300,신림로64길,104,333.130384975799,0
1200023302,신림로,104,10.690778542204,0
1200001407,신림로,104,12.001584630652,0
1200041911,국회단지길,104,33.087737096839,0
1200052609,봉천로,107,126.919161379453,0
1200004701,남부순환로,104,280.70472942633,0
1200016004,호암로,104,12.04971941769,0
1200001024,난곡로,104,77.574405134682,0
1200019601,서울대학교.내부도로,104,12.00000147719,0
1200035801,관천로,104,2.845636015682,0
1200003203,난곡로,104,167.64399607949,0
1200033800,신림로,104,287.596280362236,0
1200019201,광신길,104,13.887006426003,0
1200051300,쑥고개로16길,104,103.044492936452,0
1200027001,미성길,104,12.0490736602,0
1200013000,서울대학교.내부도로,104,296.13657022956,0
1200003302,관악로,104,12.004262380833,0
1200028401,서림길,104,29.426755990472,0
1200006905,봉천로,104,12.000213249251,0
1200036700,중앙2길,104,121.91919215926,0
1200035000,관천로,104,339.799467865079,0
1200009705,은천로,104,98.939080801204,0
1200027400,문성로16길,104,61.854479962588,0
1200002301,문성로,104,51.803750048743,0
1200041002,청림5길,104,131.413271712115,0
1200028815,법원단지길,104,63.501711969053,0
1200043603,구암5길,104,183.565886872215,0
1200025210,남현길,104,38.825626428342,0
1200044909,관악로40길,104,102.458146134547,0
1200051902,동마길,104,11.999945950615,0
1200022302,호암로,104,411.577398576657,0
1200037101,남부순환로187길,104,12.000041015847,0
1200004302,봉천로,104,13.217540924852,0
1200009808,은천로,104,12.003722590087,0
1200025404,인헌길,104,214.618692688721,0
1200024900,서림길,104,125.88312860557,0
1200042003,관악로37길,104,97.533814054172,0
1200029102,남부순환로248길,104,12.000012803833,0
1200015000,서울대학교.내부도로,104,111.680726101437,0
1160005101,디지털로32길,104,11.999947076476,0
1200010603,봉천로,104,12.586512267556,0
1200026901,미성길,104,14.90433951821,0
1200018400,신림로11길,104,252.717322460338,0
1200017101,난곡로,104,12.161785510655,0
1200025602,미성10길,104,290.891365536388,0
1180005904,시흥대로,104,115.117908222526,0
1200001704,신림로,104,12.019719626909,0
1200041903,국회단지길,104,31.777019844153,0
1200052100,강남순환도시고속도로,102,835.877580238168,0
1200041300,은천로33길,104,50.846074031072,0
1200026202,문성로16다길,104,13.832299721391,0
1200001210,낙성대로,104,11.99997042819,0
1200007700,신사로,104,270.054112501941,0
1200005402,양녕로,104,11.898372021246,0
1200006502,조원로,104,85.850214046889,0
1200010802,신사로,104,57.487148145908,0
1200003101,난곡로,104,12.018057230087,0
1200008701,남부순환로191길,104,61.713695985912,0
1200037802,관천로,104,17.170589359256,0
1200009203,신사로,104,128.550867753978,0
1200000809,관악로,104,477.964117219036,0
1200002603,남부순환로,104,14.738160506278,0
1200001802,신림로,104,184.83308403302,0
1200001512,남부순환로,104,30.849652566766,0
1200036403,관천로,104,54.643743337206,0
1200002904,쑥고개로,104,156.969481023897,0
1160005804,시흥대로,104,12.008807046251,0
1200019400,대학길,104,14.667865150987,0
1200006805,관악로,104,12.377112721914,0
1200029605,복은길,104,12.304081041145,0
1200009720,은천로,104,18.996677712796,0
1200016003,호암로,104,12.103479460692,0
1200030306,관악로5길,104,94.194689049064,0
1200029501,남현1길,104,12.000026692699,0
1200011504,관악로,104,199.673185005893,0
1200001406,신림로,104,99.904558406234,0
1200002302,문성로,104,120.552989665342,0
1200000609,신림로,104,101.948708423351,0
1200051901,동마길,104,11.999871946391,0
1200025002,서림길,104,124.647785014842,0
1200042300,구암길,104,168.254844338144,0
1200009804,은천로,104,132.361661340792,0
1200035100,관천로,104,295.303348592748,0
1200035901,관천로,104,14.661718008255,0
1200039100,관악로30길,104,295.095039390658,0
1200011102,신사로,104,27.307977795081,0
1200041402,은천로33길,104,52.039389988759,0
1200000505,신림로,104,102.891164028947,0
1200001207,낙성대로,104,14.368710445267,0
1200000802,관악로,104,67.480200352756,0
1200010601,봉천로,104,32.949373810694,0
1200041700,관천로,104,461.26045148052,0
1200017701,낙성대로,104,12.000042659672,0
1200040405,은천로39길,104,35.541281028618,0
1200007206,남부순환로,104,134.848016594134,0
1200036800,조원로17길,104,146.05239202458,0
1200000913,난곡로,104,52.80184215796,0
1200018701,대학20길,104,16.32665729231,0
1200030004,난우길,104,175.972396759559,0
1200046201,인헌2길,104,12.604061787562,0
1200001206,낙성대로,104,50.44176998801,0
1200041602,관천로,104,12.000033579379,0
1160005805,시흥대로,104,49.148271495653,0
1200025503,미성10길,104,71.332410511995,0
1200026506,낙성대로3길,104,98.728423851246,0
1200010402,봉천로,104,12.962318018054,0
1200001409,신림로,104,12.000532867046,0
1200036801,조원로17길,104,12.034719668255,0
1200045004,성현로,104,12.399532520076,0
1200010801,신사로,104,27.328653571598,0
1200020400,대학길,104,39.232937228968,0
1200011502,관악로,104,54.545071280314,0
1200028703,법원단지길,104,38.998410720174,0
1160004401,시흥대로,104,108.212172411942,0
1200004013,남부순환로,104,145.854667047375,0
1200008201,양녕로,104,12.38526522418,0
1200020404,대학길,104,169.350660913466,0
1200005204,조원중앙로,104,129.842351381215,0
1200008604,조원로,104,113.311184245313,0
1200009613,은천로,104,111.837953669552,0
1200031701,문성로,104,12.740444149013,0
1200042400,은천로39길,104,71.358213426531,0
1200001107,낙성대로,104,14.034689622298,0
1200014402,난곡로,104,11.976825594633,0
1200009811,은천로,104,12.295191695456,0
1200026101,문성로16다길,104,0.312795383479,0
1200016202,원신길,104,301.551314133095,0
1200006908,봉천로,104,28.96232791709,0
1200016012,호암로,104,26.246458851616,0
1200020601,관악로,104,12.190158791487,0
1200005811,남부순환로,104,49.889379915864,0
1200014305,난곡로,104,94.488908818275,0
1200040800,은천로23길,104,201.407248533916,0
1200018500,신림로11길,104,34.676865436243,0
1200040205,은천로35길,104,79.636752824947,0
1200032500,문성로,104,131.675078914918,0
1200026200,문성로16다길,104,376.070037052273,0
1200026600,낙성대로3길,104,132.845363987783,0
1200051101,쑥고개로16길,104,12.00066124363,0
1200006906,봉천로,104,146.229046993279,0
1200001108,낙성대로,104,12.000008333813,0
1200015905,광신길,104,98.314566756527,0
1200022400,대학5길,104,52.73621480102,0
1200000901,난곡로,104,48.560673040748,0
1200004204,신원로,104,12.000064589426,0
1200016303,원신길,104,12.081741727091,0
1200014702,서울대학교.내부도로,104,11.999977055979,0
1200028804,법원단지길,104,40.834991593715,0
1200002602,남부순환로,104,216.128970731668,0
1200045500,성현로,104,355.138083058747,0
1200001306,신림로,104,16.508991767672,0
1200001507,남부순환로,104,12.004023345068,0
1200041606,관천로,104,56.815929383157,0
1200007016,봉천로,104,72.334762758848,0
1200018412,신림로11길,104,59.227108842929,0
1200018502,신림로11길,104,58.284145264627,0
1200044204,구암길,104,281.993978086359,0
1200052208,봉천로,107,106.76559932359,0
1200008703,남부순환로191길,104,12.099844046822,0
1200030102,난우길,104,152.40485828037,0
1200006706,관악로,104,12.00010155553,0
1200008803,남부순환로191길,104,11.657015813671,0
1200027501,미성길,104,11.999988493436,0
1200016101,호암로,104,215.16778120635,0
1200033402,남부순환로234길,104,12.000008333801,0
1200032300,신림로41길,104,35.079171435559,0
1200008126,양녕로,104,63.158418080595,0
1200051801,동마길,104,11.999858292125,0
1200030403,봉천로,104,59.049969566122,0
1200043100,은천로33길,104,111.691180566064,0
1200028201,인헌길,104,12.026932868249,0
1200011610,관악로,104,337.675477855824,0
1200015903,광신길,104,235.270501983052,0
1200038901,관악로30길,104,13.874035322996,0
1200051500,참숯길,104,39.546351649994,0
1210008131,과천대로,104,387.649737920907,0
1200010804,신사로,104,29.684327730768,0
1200051601,상도로50길,104,12.399533614987,0
1200041805,국회단지길,104,109.20779545265,0
1200012804,서울대학교.내부도로,104,394.153935200338,0
1200042104,관악로37길,104,27.997500673992,0
1200003802,남부순환로,104,289.275725371164,0
1200023901,인헌17길,104,12.000014546571,0
1200013400,서울대학교.내부도로,104,377.7144263939,0
1200016900,난곡로.인접길,104,13.308252712358,0
1200002910,쑥고개로,104,12.000028977418,0
1200016600,서울대학교.내부도로,104,426.296977510629,0
1200025200,남현길,104,96.072595360568,0
1200043600,구암5길,104,57.526184708858,0
1200022701,인헌16길,104,81.688145275466,0
1200025001,서림길,104,12.281763535592,0
1200028604,문성로16가길,104,22.699002468634,0
1200052502,봉천로,107,12.036700751579,0
1200029101,남부순환로248길,104,11.999966416819,0
1200028801,법원단지길,104,11.999960279251,0
1200007500,조원중앙로,104,107.177440354751,0
1200025601,미성10길,104,20.768821124197,0
1200018702,대학20길,104,12.000043282964,0
1200009206,신사로,104,55.429943858236,0
1200001008,난곡로,104,13.794125801539,0
1200020201,광신길,104,12.001320456899,0
1200010604,봉천로,104,16.845635900593,0
1200040703,은천로23길,104,93.155262872235,0
1200012307,양녕로,104,12.137096604961,0
1200025403,인헌길,104,44.508979824533,0
1170009001,독산로,104,14.408760997604,0
1200006806,관악로,104,12.185752725952,0
1200011503,관악로,104,41.907119705252,0
1200011202,신사로,104,145.823963978355,0
1200029701,복은길,104,51.643818715265,0
1200029706,복은길,104,78.184200245552,0
1200004702,남부순환로,104,12.222156200818,0
1200023900,인헌17길,104,232.023652353135,0
1200022811,난곡로26길,104,59.877373587038,0
1200030202,관악로5길,104,11.999992578878,0
1200003604,신림로,104,121.413993728841,0
1200008503,조원로,104,113.34062826883,0
1200008804,남부순환로191길,104,12.000045953556,0
1200006703,관악로,104,23.04421069347,0
1200009611,은천로,104,86.670755771043,0
1200004603,솔밭로,104,118.843873925853,0
1200032901,봉천로,104,17.123156247822,0
1200000905,난곡로,104,13.997349028876,0
1200017500,난곡로,104,30.700600588491,0
1200012406,양녕로,104,80.837515022077,0
1200032203,문성로38길,104,57.471256222868,0
1200012305,양녕로,104,58.359399387985,0
1200039601,관악로,104,16.139503479097,0
1200006603,조원로,104,99.515176096033,0
1200040202,은천로35길,104,12.006018617596,0
1200015200,호암로,104,93.193059417688,0
1200009715,은천로,104,101.600945545136,0
1200011402,봉천로,104,323.334473356689,0
1200016302,원신길,104,247.540292292732,0
1200022802,난곡로26길,104,14.373733817918,0
1200011303,봉천로,104,11.68595718725,0
1200005208,조원중앙로,104,42.61343735657,0
1200028711,법원단지길,104,36.651556101435,0
1200044202,구암길,104,11.999966667568,0
1200029615,복은길,104,11.21624292568,0
1200028000,인헌2길,104,118.90293296663,0
1200012308,양녕로,104,15.414771909017,0
1200007705,신사로,104,270.054112501957,0
1200028402,서림길,104,62.666986195145,0
1200028716,법원단지길,104,279.67140516441,0
1200051200,쑥고개로16길,104,114.513384361687,0
1200000902,난곡로,104,26.772737115198,0
1200008501,조원로,104,12.232809892635,0
1200033300,문성로,104,29.069715980031,0
1200010005,신림로,104,12.023986288823,0
1200009713,은천로,104,73.469779664107,0
1200040903,청림5길,104,171.560245437792,0
1200023101,원신길,104,12.381997654717,0
1200016102,호암로,104,69.312051640864,0
1200005102,조원중앙로,104,236.223488693517,0
1200004104,신원로,104,12.000058605218,0
1200000606,신림로,104,107.540583545148,0
1200044801,관악로40길,104,236.31291082959,0
1200010403,봉천로,104,430.045515294431,0
1200036702,중앙2길,104,11.999976875269,0
1200052607,봉천로,107,25.643690046928,0
1200007800,신사로,104,87.198249236754,0
1200012303,양녕로,104,126.95417857064,0
1200041811,국회단지길,104,32.69277149132,0
1200001013,난곡로,104,20.193275936415,0
1200023600,대학길,104,105.568504951775,0
1200011605,상도로,104,165.387928190362,0
1200052605,봉천로,107,120.313103327645,0
1200023300,신림로,104,131.990273448077,0
1200023800,인헌17길,104,287.775542758854,0
1200001208,낙성대로,104,12.000005704974,0
1200027802,신림로29길,104,483.254807227113,0
1200030401,봉천로,104,7.046450280612,0
1200003803,남부순환로,104,12.008877257882,0
1200009609,은천로,104,62.058496532249,0
1160275800,시흥대로,104,49.591630533016,0
1200002914,쑥고개로,104,31.174037511309,0
1200023704,대학길,104,35.257163242118,0
1200030002,난우길,104,12.000002761667,0
1200018902,대학18길,104,54.696553190612,0
1200043300,구암길,104,24.078555862762,0
1200009405,난곡로,104,47.627411011305,0
1200006104,난곡로,104,12.156020835532,0
1200020302,광신길,104,222.503075597938,0
1200002502,남부순환로,104,216.128970731642,0
1200032101,문성로38길,104,11.999967959216,0
1200001701,신림로,104,126.993116434341,0
1200009620,은천로,104,134.287962798687,0
1200036501,관천로,104,12.000044795615,0
1200040705,은천로23길,104,31.17902753258,0
1200022700,인헌16길,104,206.473870236186,0
1200052604,봉천로,107,65.286490527168,0
1200031201,문성로16길,104,12.740434165783,0
1200028900,문성로38길,104,52.387996507438,0
1200023501,문성로16다길,104,141.921381065986,0
1200041600,관천로,104,138.424915342226,0
1200044101,보라매로5가길,104,11.999968441902,0
1200029503,남현1길,104,77.239346611517,0
1170002603,호암로,104,114.974369729904,0
1200003401,관악로,104,54.219301189004,0
